[
  {
    "id": "7e9e5fe5-a5d4-4406-9b60-92a967d47538",
    "name": "ZeQuize",
    "developer": "Ismailmohammad",
    "category": "Games",
    "description": "Hi! This is a simple and fun app that tests your brain level with exciting challenges.",
    "long_description": "Welcome to Brain Level Test, a simple yet powerful app designed to challenge your mind and boost your thinking skills. 🧠✨",
    "app_icon": "app1_ZeQuize.png",
    "icon": "app1_ZeQuize.png",
    "banner": "default_banner.jpg",
    "size": "15MB",
    "version": "Test their memory",
    "min_android": "",
    "age_rating": "Enjoy fun challenges that get harder as you progress.",
    "downloads": 9,
    "views": 25,
    "rating": 0,
    "review_count": 0,
    "reviews": [],
    "featured": false,
    "release_date": "Track their progress with streaks, achievements, and levels.",
    "added_date": "2025-09-07T17:45:16.614003",
    "last_updated": "2025-09-07",
    "screenshots": [
      "preview1.png",
      "preview2.png"
    ],
    "app_preview_photos": [
      "preview1.png",
      "preview3.png"
    ],
    "tags": [],
    "app_file": "app1_ZeQuize.apk",
    "download_link": "/download/7e9e5fe5-a5d4-4406-9b60-92a967d47538",
    "price": "0",
    "in_app_purchases": false,
    "contains_ads": false,
    "requirements": {
      "storage": "Different game modes like time attack and survival.",
      "ram": "1GB",
      "internet": false
    },
    "additional_info": {
      "content_rating": "Suitable for all ages",
      "permissions": [],
      "whats_new": "Simple, user-friendly interface."
    },
    "app_file_path": "Apps_Link\\app1_ZeQuize.apk"
  },
  {
    "id": "c3a86114-f0cc-411d-81cb-cc3b350651a1",
    "name": "Hello",
    "developer": "isis",
    "category": "Tools",
    "description": "hello isis",
    "long_description": "helo isis",
    "app_icon": "app1_ZeQuize.png",
    "icon": "app1_ZeQuize.png",
    "banner": "default_banner.jpg",
    "size": "50MB",
    "version": "1.0.0",
    "min_android": "7",
    "age_rating": "+7",
    "downloads": 1,
    "views": 4,
    "rating": 0,
    "review_count": 0,
    "reviews": [],
    "featured": true,
    "release_date": "2025-09-07",
    "added_date": "2025-09-07T23:40:43.269155",
    "last_updated": "2025-09-07",
    "screenshots": [],
    "app_preview_photos": [
      "preview1.png",
      "preview2.png"
    ],
    "tags": [
      "hello",
      "tool",
      "ismail"
    ],
    "app_file": "app1_ZeQuize.apk",
    "app_file_path": "Apps_Link\\app1_ZeQuize.apk",
    "download_link": "/download/c3a86114-f0cc-411d-81cb-cc3b350651a1",
    "price": "100",
    "in_app_purchases": true,
    "contains_ads": true,
    "requirements": {
      "storage": "10MB",
      "ram": "2GB",
      "internet": false
    },
    "additional_info": {
      "content_rating": "hello",
      "permissions": [],
      "whats_new": "game"
    }
  }
]